track_id,cam_id,start_frame,end_frame,start_ms,end_ms,start_common_clock_ms,end_common_clock_ms,n_frames,class_mode,mean_conf,median_conf,median_w,median_h,max_area_px,pct_edge_touch,pct_blurry,n_large_box_frames,n_non_edge_frames,n_sharp_frames,duration_ms,usable_track,best_frame_idx,best_source_timestamp_ms,best_common_clock_ms
617,garage,5607,7448,187086.90000000002,248514.93333333335,187086.90000000002,248514.93333333335,1842,2,0.9427414156261924,0.9467986226081848,361.0,250.0,148629,0.0249728555917481,0.0010857763300760048,1830,1796,1840,61428.033333333326,True,6653,221988.43333333335,221988.43333333335
289,garage,2832,4515,94494.4,150650.5,94494.4,150650.5,1684,2,0.9221799886495654,0.9311144053936005,395.0,260.0,153594,0.035629453681710214,0.0,1667,1624,1684,56156.100000000006,True,4421,147514.03333333335,147514.03333333335
661,garage,6160,7678,205538.66666666666,256189.2666666667,205538.66666666666,256189.2666666667,1517,2,0.9312099644677295,0.9343428015708923,296.0,235.0,277296,0.025708635464733027,0.0006591957811470373,1499,1478,1516,50650.600000000035,True,7391,246613.03333333333,246613.03333333333
649,garage,6109,7549,203836.96666666667,251884.96666666667,203836.96666666667,251884.96666666667,1441,2,0.9503596116692387,0.958033561706543,384.0,275.0,220042,0.020818875780707843,0.004857737682165131,1427,1411,1434,48048.0,True,6176,206072.53333333335,206072.53333333335
666,garage,6270,7671,209209.0,255955.7,209209.0,255955.7,1402,2,0.8733593321560793,0.8667181432247162,262.0,181.0,186912,0.028530670470756064,0.002139800285306692,1379,1362,1399,46746.70000000001,True,7523,251017.43333333335,251017.43333333335
343,garage,3579,4918,119419.3,164097.2666666667,119419.3,164097.2666666667,1336,2,0.9182890392616837,0.9336055219173431,320.0,226.0,230594,0.03592814371257485,0.0007485029940119681,1318,1288,1335,44677.96666666669,True,4292,143209.73333333334,143209.73333333334
1,garage,0,1205,0.0,40206.833333333336,0.0,40206.833333333336,1205,2,0.9428829361294315,0.9466797709465027,390.0,198.0,93955,0.044813278008298756,0.0,1205,1151,1205,40206.833333333336,True,2,66.73333333333333,66.73333333333333
327,garage,3393,4499,113213.1,150116.63333333333,113213.1,150116.63333333333,1107,2,0.9260582114353628,0.9316474795341492,330.0,217.0,173394,0.024390243902439025,0.0009033423667570428,1090,1080,1106,36903.533333333326,True,3863,128895.43333333333,128895.43333333333
689,garage,6459,7185,215515.3,239739.50000000003,215515.3,239739.50000000003,724,2,0.9244500116666378,0.9472461640834808,413.0,203.0,103282,0.08701657458563536,0.0,712,661,724,24224.20000000004,True,6616,220753.86666666667,220753.86666666667
13,garage,371,1090,12379.033333333335,36369.666666666664,12379.033333333335,36369.666666666664,719,2,0.9347244752298973,0.9455255270004272,394.0,279.0,262119,0.05702364394993046,0.0027816411682892728,703,678,717,23990.63333333333,True,464,15482.133333333333,15482.133333333333
367,garage,4256,4747,142008.53333333333,158391.56666666668,142008.53333333333,158391.56666666668,492,2,0.9078056808046209,0.926594078540802,235.0,163.0,152568,0.11585365853658537,0.0060975609756097615,467,435,489,16383.033333333355,True,4607,153720.23333333334,153720.23333333334
390,garage,4509,4992,150450.3,166566.40000000002,150450.3,166566.40000000002,484,2,0.9214600797527093,0.9381062686443329,364.5,227.0,206088,0.09504132231404959,0.0,484,438,484,16116.100000000035,True,4895,163329.83333333334,163329.83333333334
362,garage,4170,4597,139139.0,153386.56666666668,139139.0,153386.56666666668,428,2,0.9152147673140062,0.9378634095191956,329.0,209.0,157458,0.12850467289719625,0.007009345794392496,412,373,425,14247.56666666668,True,4289,143109.63333333333,143109.63333333333
39,garage,1082,1502,36102.73333333333,50116.73333333334,36102.73333333333,50116.73333333334,412,2,0.6863791687974652,0.7022812068462372,430.5,299.0,199500,0.17475728155339806,0.004854368932038833,412,340,410,14014.000000000007,True,1412,47113.73333333334,47113.73333333334
69,garage,1250,1637,41708.333333333336,54621.23333333334,41708.333333333336,54621.23333333334,388,2,0.9170675968232843,0.9416185021400452,262.0,175.0,138272,0.14432989690721648,0.0,370,332,388,12912.900000000001,True,1484,49516.13333333334,49516.13333333334
53,garage,1195,1574,39873.16666666667,52519.13333333334,39873.16666666667,52519.13333333334,380,2,0.901193411883555,0.9245647192001343,334.0,210.5,162240,0.16052631578947368,0.0026315789473684292,364,319,379,12645.966666666667,True,1307,43610.23333333333,43610.23333333333
89,garage,1347,1726,44944.9,57590.86666666667,44944.9,57590.86666666667,379,2,0.8744665381147239,0.9293822646141052,237.0,139.0,128694,0.09762532981530343,0.0026385224274406704,360,342,378,12645.966666666667,True,1667,55622.23333333334,55622.23333333334
371,garage,4320,4695,144144.0,156656.5,144144.0,156656.5,369,2,0.8999444484549163,0.9323109984397888,270.0,158.0,126503,0.1002710027100271,0.0027100271002710175,350,332,368,12512.5,True,4607,153720.23333333334,153720.23333333334
905,garage,8908,9269,297230.2666666667,309275.63333333336,297230.2666666667,309275.63333333336,361,2,0.9324040269257289,0.9522371292114258,360.0,210.0,84804,0.0221606648199446,0.0,347,353,361,12045.36666666664,True,9032,301367.73333333334,301367.73333333334
884,garage,8330,8685,277944.3333333334,289789.50000000006,277944.3333333334,289789.50000000006,356,2,0.9180114348785261,0.9414819180965424,323.0,226.0,107800,0.23595505617977527,0.014044943820224698,344,272,351,11845.166666666686,True,8459,282248.63333333336,282248.63333333336
54,garage,1195,1496,39873.16666666667,49916.53333333333,39873.16666666667,49916.53333333333,301,2,0.9133050525901325,0.9345055818557739,319.0,213.0,167680,0.10299003322259136,0.01661129568106312,285,270,296,10043.366666666661,True,1355,45211.833333333336,45211.833333333336
141,garage,1550,1827,51718.333333333336,60960.9,51718.333333333336,60960.9,261,2,0.8958727350865288,0.9345827102661133,239.0,165.0,149634,0.27586206896551724,0.003831417624521105,239,189,260,9242.566666666666,True,1741,58091.366666666676,58091.366666666676
79,garage,1323,1580,44144.1,52719.333333333336,44144.1,52719.333333333336,258,2,0.9142389259366102,0.9385708570480347,296.0,192.0,186527,0.10852713178294573,0.007751937984496138,238,230,256,8575.233333333337,True,1436,47914.53333333334,47914.53333333334
912,garage,9016,9269,300833.86666666664,309275.63333333336,300833.86666666664,309275.63333333336,253,2,0.9075004354767178,0.9383243918418884,278.0,160.0,61803,0.05138339920948617,0.0,234,240,253,8441.766666666721,True,9191,306673.0333333334,306673.0333333334
750,garage,7298,7530,243509.93333333335,251251.0,243509.93333333335,251251.0,233,2,0.8796227189348491,0.9182209968566895,274.0,153.0,120782,0.09871244635193133,0.0,233,210,233,7741.066666666651,True,7427,247814.23333333334,247814.23333333334
786,garage,7534,7752,251384.46666666667,258658.40000000002,251384.46666666667,258658.40000000002,218,2,0.8681914579430852,0.9189332723617554,242.5,133.0,115115,0.14220183486238533,0.01834862385321101,199,187,214,7273.933333333349,True,7682,256322.73333333337,256322.73333333337
217,garage,1934,2152,64531.13333333333,71805.06666666668,64531.13333333333,71805.06666666668,218,2,0.9037752897914396,0.9283449351787567,263.5,163.0,95400,0.3302752293577982,0.00917431192660545,206,146,216,7273.933333333349,True,2053,68501.76666666666,68501.76666666666
481,garage,5006,5222,167033.53333333333,174240.73333333334,167033.53333333333,174240.73333333334,217,2,0.9258645856710074,0.947627067565918,332.0,208.0,207788,0.15668202764976957,0.0,203,183,217,7207.200000000012,True,5102,170236.73333333334,170236.73333333334
830,garage,7746,7952,258458.20000000004,265331.73333333334,258458.20000000004,265331.73333333334,207,2,0.917447517891437,0.9415073990821838,309.0,222.0,218295,0.14492753623188406,0.01449275362318836,188,177,204,6873.5333333332965,True,7817,260827.23333333337,260827.23333333337
174,garage,1639,1841,54687.96666666667,61428.03333333334,54687.96666666667,61428.03333333334,203,2,0.9278640682474145,0.9480683207511902,347.0,250.0,251394,0.13793103448275862,0.009852216748768461,190,175,201,6740.066666666673,True,1694,56523.13333333333,56523.13333333333
778,garage,7497,7694,250149.9,256723.13333333336,250149.9,256723.13333333336,198,2,0.8795966030371309,0.9307498335838318,264.5,168.5,127775,0.09595959595959595,0.005050505050505083,198,179,197,6573.233333333366,True,7607,253820.23333333334,253820.23333333334
820,garage,7671,7868,255955.7,262528.93333333335,255955.7,262528.93333333335,193,2,0.8875064579625204,0.9276488423347473,278.0,173.0,156219,0.11398963730569948,0.015544041450777257,170,171,190,6573.233333333337,True,7832,261327.73333333337,261327.73333333337
764,garage,7440,7624,248248.00000000003,254387.46666666667,248248.00000000003,254387.46666666667,185,2,0.9001091208006885,0.937446117401123,278.0,175.0,127300,0.11891891891891893,0.010810810810810811,185,163,183,6139.466666666645,True,7575,252752.50000000003,252752.50000000003
872,garage,8047,8223,268501.5666666667,274374.1,268501.5666666667,274374.1,177,2,0.930039068736599,0.9515686631202698,357.0,261.0,254475,0.15819209039548024,0.02259887005649719,166,149,173,5872.533333333267,True,8090,269936.3333333333,269936.3333333333
130,garage,1511,1682,50417.03333333333,56122.73333333334,50417.03333333333,56122.73333333334,172,2,0.9178873439167821,0.9413940012454987,344.5,214.5,214842,0.12790697674418605,0.0,161,150,172,5705.700000000004,True,1637,54621.23333333334,54621.23333333334
357,garage,3913,4091,130563.76666666668,136503.03333333335,130563.76666666668,136503.03333333335,169,2,0.8188151766562602,0.8892746567726135,201.0,115.0,61710,0.3431952662721893,0.28402366863905326,151,111,121,5939.266666666677,True,3986,132999.53333333335,132999.53333333335
916,garage,9112,9269,304037.0666666667,309275.63333333336,304037.0666666667,309275.63333333336,157,2,0.8966468889622172,0.9389920830726624,222.0,139.0,44480,0.03184713375796178,0.0,139,152,157,5238.566666666651,True,9269,309275.63333333336,309275.63333333336
686,garage,6446,6598,215081.53333333333,220153.26666666666,215081.53333333333,220153.26666666666,148,2,0.7844254978605218,0.8496822714805603,190.5,127.5,63903,0.40540540540540543,0.08783783783783783,132,88,135,5071.733333333337,True,6491,216583.03333333333,216583.03333333333
467,garage,4937,5084,164731.23333333334,169636.13333333333,164731.23333333334,169636.13333333333,144,2,0.8184820802675353,0.8852777481079102,207.0,116.5,51810,0.3680555555555556,0.20138888888888884,128,91,115,4904.899999999994,True,4985,166332.83333333334,166332.83333333334
578,garage,5480,5621,182849.33333333334,187554.03333333333,182849.33333333334,187554.03333333333,139,2,0.7844011903666764,0.8349940180778503,206.0,128.0,45724,0.43884892086330934,0.1007194244604317,129,78,125,4704.6999999999825,True,5525,184350.83333333334,184350.83333333334
590,garage,5523,5664,184284.1,188988.8,184284.1,188988.8,138,2,0.806098274346711,0.8722929656505585,205.0,139.5,52460,0.463768115942029,0.05797101449275366,130,74,130,4704.6999999999825,True,5567,185752.23333333334,185752.23333333334
192,garage,1729,1864,57690.96666666667,62195.46666666667,57690.96666666667,62195.46666666667,136,2,0.9193671718239784,0.9434111416339874,308.0,230.5,192647,0.13970588235294118,0.007352941176470562,124,117,135,4504.5,True,1787,59626.23333333334,59626.23333333334
239,garage,2221,2355,74107.36666666667,78578.5,74107.36666666667,78578.5,133,2,0.8190843545852747,0.8814008235931396,183.0,126.0,53320,0.43609022556390975,0.03759398496240607,117,75,128,4471.133333333331,True,2255,75241.83333333333,75241.83333333333
654,garage,6130,6272,204537.66666666666,209275.73333333334,204537.66666666666,209275.73333333334,131,2,0.8169962522637753,0.8942355513572693,181.0,115.0,31440,0.3893129770992366,0.03053435114503822,113,80,127,4738.06666666668,True,6179,206172.63333333336,206172.63333333336
269,garage,2703,2836,90190.1,94627.86666666668,90190.1,94627.86666666668,129,2,0.8393961514613425,0.9039838910102844,203.0,112.0,55909,0.34108527131782945,0.22480620155038755,118,85,100,4437.766666666677,True,2747,91658.23333333334,91658.23333333334
630,garage,5721,5851,190890.7,195228.3666666667,190890.7,195228.3666666667,128,2,0.8187659822870046,0.8891740143299103,194.0,114.5,50796,0.3828125,0.1328125,114,79,111,4337.666666666686,True,5765,192358.83333333334,192358.83333333334
250,garage,2447,2575,81648.23333333334,85919.16666666667,81648.23333333334,85919.16666666667,125,2,0.8427704904079437,0.9034426808357239,184.0,118.0,50325,0.376,0.43200000000000005,112,78,71,4270.933333333334,True,2478,82682.6,82682.6
208,garage,1870,2002,62395.66666666667,66800.06666666667,62395.66666666667,66800.06666666667,125,2,0.8273050241470337,0.8975196480751038,198.0,114.0,35178,0.376,0.22399999999999998,112,78,97,4404.399999999994,True,1913,63830.43333333334,63830.43333333334
886,garage,8415,8541,280780.5,284984.7,280780.5,284984.7,123,2,0.8153596275705632,0.8914991617202759,209.0,116.0,53628,0.36585365853658536,0.24390243902439024,110,78,93,4204.200000000012,True,8456,282148.5333333333,282148.5333333333
310,garage,3125,3252,104270.83333333334,108508.40000000001,104270.83333333334,108508.40000000001,120,2,0.8364745264252027,0.9120651483535767,198.0,109.0,31218,0.425,0.14166666666666672,111,69,103,4237.566666666666,True,3152,105171.73333333334,105171.73333333334
275,garage,2767,2899,92325.56666666668,96729.96666666667,92325.56666666668,96729.96666666667,114,2,0.6270928641683177,0.6434725821018219,213.0,150.0,47564,0.47368421052631576,0.33333333333333337,105,60,76,4404.399999999994,True,2834,94561.13333333335,94561.13333333335
151,garage,1583,1701,52819.433333333334,56756.700000000004,52819.433333333334,56756.700000000004,113,2,0.7654332719017974,0.836517870426178,205.0,138.0,51100,0.40707964601769914,0.20353982300884954,108,67,90,3937.26666666667,True,1619,54020.63333333334,54020.63333333334
508,garage,5129,5247,171137.63333333336,175074.90000000002,171137.63333333336,175074.90000000002,113,2,0.8134015366039445,0.871163547039032,194.0,138.0,42828,0.4336283185840708,0.18584070796460173,105,64,92,3937.266666666663,True,5162,172238.73333333334,172238.73333333334
524,garage,5260,5383,175508.66666666666,179612.7666666667,175508.66666666666,179612.7666666667,112,2,0.8347725679299661,0.9035696685314178,209.0,112.0,52160,0.36607142857142855,0.1071428571428571,100,71,100,4104.100000000035,True,5300,176843.33333333334,176843.33333333334
67,garage,1233,1343,41141.1,44811.433333333334,41141.1,44811.433333333334,111,7,0.6169714699457357,0.6417734622955322,449.0,307.0,151040,0.0,0.0,111,111,111,3670.3333333333358,True,1250,41708.333333333336,41708.333333333336
527,garage,5317,5441,177410.56666666668,181548.03333333333,177410.56666666668,181548.03333333333,111,2,0.8373555060442504,0.9016858339309692,205.0,117.0,50348,0.36036036036036034,0.09909909909909909,100,71,100,4137.466666666645,True,5353,178611.7666666667,178611.7666666667
888,garage,8444,8549,281748.1333333333,285251.63333333336,281748.1333333333,285251.63333333336,106,2,0.9134749295014255,0.941432774066925,308.5,206.0,180230,0.1320754716981132,0.018867924528301883,95,92,104,3503.500000000058,True,8486,283149.5333333333,283149.5333333333
410,garage,4605,4706,153653.5,157023.53333333335,153653.5,157023.53333333335,99,2,0.8202848889008917,0.8781082630157471,201.0,113.0,32868,0.43434343434343436,0.0,92,56,99,3370.0333333333547,True,4637,154721.23333333334,154721.23333333334
871,garage,8040,8140,268268.0,271604.6666666667,268268.0,271604.6666666667,97,2,0.8174222489607703,0.8712565302848816,191.0,132.0,42237,0.4329896907216495,0.07216494845360821,87,55,90,3336.666666666686,True,8072,269335.73333333334,269335.73333333334
135,garage,1533,1622,51151.1,54120.73333333334,51151.1,54120.73333333334,88,2,0.8024887276644056,0.8680696785449982,179.0,111.5,27903,0.4318181818181818,0.045454545454545414,82,50,84,2969.6333333333387,True,1553,51818.43333333334,51818.43333333334
380,garage,4429,4510,147780.96666666667,150483.66666666666,147780.96666666667,150483.66666666666,82,2,0.866791704079,0.8857878744602203,81.5,130.0,19221,0.4024390243902439,0.0,52,49,82,2702.6999999999825,True,4476,149349.19999999998,149349.19999999998
754,garage,7363,7445,245678.7666666667,248414.83333333334,245678.7666666667,248414.83333333334,80,2,0.7605526048690081,0.794065922498703,104.5,102.0,69290,0.425,0.0,60,46,80,2736.066666666651,True,7431,247947.7,247947.7
704,garage,6528,6611,217817.6,220587.03333333335,217817.6,220587.03333333335,80,2,0.7700086802244186,0.8449160158634186,167.5,108.5,25125,0.4875,0.125,74,41,70,2769.433333333349,True,6545,218384.83333333334,218384.83333333334
737,garage,7231,7301,241274.36666666667,243610.03333333335,241274.36666666667,243610.03333333335,69,2,0.7713981754537942,0.8008376955986023,100.0,106.0,67938,0.391304347826087,0.0,52,42,69,2335.666666666686,True,7293,243343.10000000003,243343.10000000003
769,garage,7451,7497,248615.03333333335,250149.9,248615.03333333335,250149.9,44,2,0.7236442782662131,0.7564867436885834,72.5,101.0,19272,0.45454545454545453,0.0,26,24,44,1534.8666666666395,True,7496,250116.53333333333,250116.53333333333
801,garage,7596,7630,253453.2,254587.6666666667,253453.2,254587.6666666667,34,2,0.5100104370537926,0.5055690109729767,295.5,167.0,68237,0.058823529411764705,0.20588235294117652,34,32,27,1134.4666666666744,True,7609,253886.96666666667,253886.96666666667
46,garage,1130,1160,37704.333333333336,38705.333333333336,37704.333333333336,38705.333333333336,31,2,0.5081696087314237,0.5278684496879578,254.0,206.0,62208,0.0,0.0,31,31,31,1001.0,True,1149,38338.3,38338.3
849,garage,7866,7897,262462.2,263496.5666666667,262462.2,263496.5666666667,31,7,0.6192199530140046,0.6341851949691772,234.0,165.0,39270,0.06451612903225806,0.032258064516129004,31,29,30,1034.3666666666977,True,7892,263329.73333333334,263329.73333333334
710,garage,6904,6935,230363.46666666667,231397.83333333334,230363.46666666667,231397.83333333334,30,2,0.6317941904067993,0.6928181648254395,150.5,194.5,47264,0.03333333333333333,0.0,24,29,30,1034.3666666666686,True,6934,231364.46666666667,231364.46666666667
900,garage,8817,8845,294193.9,295128.1666666667,294193.9,295128.1666666667,29,2,0.7256881348017988,0.7745404839515686,109.0,160.0,29058,0.034482758620689655,0.3793103448275862,20,28,18,934.2666666666628,True,8833,294727.7666666667,294727.7666666667
335,garage,3478,3505,116049.26666666666,116950.16666666667,116049.26666666666,116950.16666666667,28,2,0.8678488305636815,0.9164029657840729,329.5,374.0,202608,0.4642857142857143,0.0,26,15,28,900.9000000000087,True,3486,116316.20000000001,116316.20000000001
529,garage,5333,5363,177944.43333333335,178945.43333333335,177944.43333333335,178945.43333333335,26,2,0.6518581016705587,0.6102456152439117,197.0,570.5,302305,0.15384615384615385,0.15384615384615385,21,22,22,1001.0,True,5342,178244.73333333334,178244.73333333334
675,garage,6332,6360,211277.73333333334,212212.00000000003,211277.73333333334,212212.00000000003,24,2,0.7276985583206018,0.8703583776950836,378.5,423.0,226200,0.4166666666666667,0.04166666666666663,24,14,23,934.2666666666919,True,6336,211411.2,211411.2
398,garage,4577,4598,152719.23333333334,153419.93333333335,152719.23333333334,153419.93333333335,22,2,0.8363655643029646,0.8790392279624939,125.5,151.0,43884,0.0,0.0,17,22,22,700.7000000000116,True,4593,153253.1,153253.1
2,garage,35,56,1167.8333333333333,1868.5333333333333,1167.8333333333333,1868.5333333333333,22,2,0.6938944025473162,0.7497453689575195,90.5,198.0,30800,0.0,0.7272727272727273,14,22,6,700.7,True,47,1568.2333333333333,1568.2333333333333
673,garage,6313,6335,210643.76666666666,211377.83333333334,210643.76666666666,211377.83333333334,22,2,0.709142657843503,0.7394107282161713,99.5,176.0,30294,0.045454545454545456,0.2272727272727273,15,21,17,734.0666666666802,True,6325,211044.1666666667,211044.1666666667
311,garage,3150,3172,105105.0,105839.06666666667,105105.0,105839.06666666667,22,2,0.7645625201138583,0.8077106773853302,86.5,173.5,24752,0.045454545454545456,0.09090909090909094,14,21,20,734.0666666666657,True,3162,105505.40000000001,105505.40000000001
231,garage,2082,2105,69469.40000000001,70236.83333333334,69469.40000000001,70236.83333333334,21,2,0.7846662643409911,0.805903971195221,101.0,177.0,29484,0.0,0.7142857142857143,14,21,6,767.4333333333343,True,2089,69702.96666666667,69702.96666666667
619,garage,5624,5643,187654.13333333333,188288.1,187654.13333333333,188288.1,20,2,0.8318612009286881,0.8753702044487,109.5,184.5,31758,0.0,0.44999999999999996,14,20,11,633.9666666666744,True,5638,188121.2666666667,188121.2666666667
172,garage,1639,1658,54687.96666666667,55321.933333333334,54687.96666666667,55321.933333333334,20,2,0.8108257606625557,0.8742566406726837,96.0,169.5,23408,0.0,0.44999999999999996,14,20,11,633.9666666666672,True,1655,55221.833333333336,55221.833333333336
176,garage,1654,1672,55188.46666666667,55789.06666666667,55188.46666666667,55789.06666666667,19,2,0.6337690886698271,0.6804887056350708,175.0,156.0,30264,0.0,0.0,19,19,19,600.6000000000058,True,1670,55722.333333333336,55722.333333333336
727,garage,7053,7071,235335.1,235935.7,235335.1,235935.7,19,2,0.7505820064168227,0.806610107421875,89.0,168.0,24252,0.0,0.3157894736842105,13,19,13,600.6000000000058,True,7061,235602.03333333333,235602.03333333333
308,garage,3098,3118,103369.93333333333,104037.26666666666,103369.93333333333,104037.26666666666,18,2,0.8159243414799372,0.8825415670871735,183.5,157.0,31641,0.1111111111111111,0.6666666666666667,18,16,6,667.3333333333285,True,3101,103470.03333333334,103470.03333333334
800,garage,7594,7611,253386.46666666667,253953.7,253386.46666666667,253953.7,18,2,0.7026711735460494,0.697564572095871,107.5,177.0,23318,0.0,0.33333333333333337,14,18,12,567.2333333333372,True,7603,253686.76666666666,253686.76666666666
700,garage,6499,6515,216849.96666666667,217383.83333333334,216849.96666666667,217383.83333333334,17,2,0.8282360609839944,0.8956435918807983,73.0,156.0,19968,0.0,0.8235294117647058,10,17,3,533.8666666666686,True,6512,217283.73333333334,217283.73333333334
128,garage,1511,1526,50417.03333333333,50917.53333333334,50417.03333333333,50917.53333333334,16,2,0.8087563402950764,0.8849526047706604,105.0,153.5,22379,0.0,0.8125,12,16,3,500.5000000000073,True,1520,50717.333333333336,50717.333333333336
639,garage,6021,6036,200900.7,201401.2,200900.7,201401.2,15,2,0.7079719165960948,0.7232868671417236,62.0,197.0,28280,0.0,0.0,8,15,15,500.5,True,6028,201134.2666666667,201134.2666666667
287,garage,2819,2832,94060.63333333335,94494.4,94060.63333333335,94494.4,14,2,0.6153816325323922,0.6250477731227875,279.5,158.5,48638,0.0,0.0,14,14,14,433.76666666664823,True,2829,94394.3,94394.3
254,garage,2588,2602,86352.93333333333,86820.06666666668,86352.93333333333,86820.06666666668,14,2,0.5806536717074258,0.5793327689170837,89.5,195.5,38048,0.0,0.4285714285714286,11,14,8,467.13333333334594,True,2593,86519.76666666666,86519.76666666666
203,garage,1829,1842,61027.63333333333,61461.4,61027.63333333333,61461.4,14,2,0.7682413671697889,0.779977023601532,97.5,144.5,17402,0.0,0.0714285714285714,11,14,13,433.76666666667006,True,1833,61161.100000000006,61161.100000000006
417,garage,4643,4664,154921.43333333335,155622.13333333336,154921.43333333335,155622.13333333336,13,7,0.7053708273630875,0.7866970896720886,143.0,194.0,36366,0.07692307692307693,0.07692307692307687,13,12,12,700.7000000000116,True,4651,155188.36666666667,155188.36666666667
501,garage,5098,5112,170103.2666666667,170570.4,170103.2666666667,170570.4,13,2,0.7701738866475912,0.7885423302650452,74.0,172.0,19264,0.0,0.3076923076923077,8,13,9,467.1333333333023,True,5102,170236.73333333334,170236.73333333334
536,garage,5342,5354,178244.73333333334,178645.13333333336,178244.73333333334,178645.13333333336,12,7,0.590575230618318,0.5384349673986435,141.5,230.0,58305,0.5,0.5833333333333333,12,6,5,400.4000000000233,True,5345,178344.83333333334,178344.83333333334
196,garage,1801,1812,60093.36666666667,60460.4,60093.36666666667,60460.4,12,2,0.8332426995038986,0.8455934524536133,88.0,196.0,29145,0.0,0.75,9,12,3,367.03333333333285,True,1809,60360.3,60360.3
358,garage,3954,3983,131931.80000000002,132899.43333333335,131931.80000000002,132899.43333333335,12,2,0.6680903931458791,0.7182180881500244,170.5,143.0,26412,0.0,0.0,12,12,12,967.6333333333314,True,3962,132198.73333333334,132198.73333333334
158,garage,1605,1651,53553.5,55088.366666666676,53553.5,55088.366666666676,12,7,0.417822889983654,0.4000953882932663,106.5,137.0,19939,0.08333333333333333,0.0,12,11,12,1534.8666666666759,True,1628,54320.933333333334,54320.933333333334
684,garage,6434,7793,214681.13333333336,260026.43333333332,214681.13333333336,260026.43333333332,1321,2,0.7965869816030001,0.8111886382102966,126.0,159.0,230748,0.7464042392127176,0.0007570022710068347,1295,335,1320,45345.29999999996,False,7667,255822.23333333334,255822.23333333334
730,garage,7147,7894,238471.56666666668,263396.4666666667,238471.56666666668,263396.4666666667,710,2,0.6942690733872668,0.7470674216747284,25.0,110.0,284711,0.643661971830986,0.0,304,253,710,24924.899999999994,False,7742,258324.73333333337,258324.73333333337
706,garage,6751,7149,225258.3666666667,238538.30000000002,225258.3666666667,238538.30000000002,340,2,0.42802565755213007,0.42965157330036163,18.0,52.0,1596,1.0,0.0,0,0,340,13279.93333333332,False,7139,238204.63333333333,238204.63333333333
519,garage,5218,5553,174107.26666666666,185285.1,174107.26666666666,185285.1,336,2,0.9118975119753963,0.9406170547008514,269.0,235.0,122148,0.5625,0.0,311,147,336,11177.833333333343,False,5320,177510.6666666667,177510.6666666667
433,garage,4721,4862,157524.03333333333,162228.73333333334,157524.03333333333,162228.73333333334,133,7,0.6815965735822692,0.7150160670280457,246.0,159.0,106304,0.7819548872180451,0.20300751879699253,122,29,106,4704.700000000012,False,4734,157957.80000000002,157957.80000000002
718,garage,6944,7085,231698.13333333333,236402.83333333334,231698.13333333333,236402.83333333334,130,2,0.7341642776360878,0.7951641976833344,278.0,148.5,86970,0.5230769230769231,0.0,123,62,130,4704.700000000012,False,6983,232999.43333333335,232999.43333333335
622,garage,5645,5767,188354.83333333334,192425.56666666668,188354.83333333334,192425.56666666668,118,2,0.8083036092378325,0.8790579438209534,209.5,123.0,80432,0.5847457627118644,0.0423728813559322,106,49,113,4070.733333333337,False,5666,189055.53333333333,189055.53333333333
257,garage,2595,2721,86586.5,90790.7,86586.5,90790.7,118,7,0.6890940383329229,0.7155160009860992,249.0,146.0,68943,0.576271186440678,0.0847457627118644,111,50,108,4204.199999999997,False,2642,88154.73333333334,88154.73333333334
198,garage,1812,1932,60460.4,64464.399999999994,60460.4,64464.399999999994,116,2,0.796549042237216,0.86817666888237,226.5,137.0,52402,0.5172413793103449,0.24137931034482762,109,56,88,4003.9999999999927,False,1844,61528.13333333334,61528.13333333334
641,garage,6033,6157,201301.1,205438.56666666668,201301.1,205438.56666666668,115,2,0.7231977092183155,0.7722823619842529,216.0,142.0,50500,0.5565217391304348,0.04347826086956519,107,51,110,4137.466666666674,False,6077,202769.23333333334,202769.23333333334
902,garage,8856,8971,295495.2,299332.3666666667,295495.2,299332.3666666667,115,2,0.7913777392843495,0.8417730927467346,173.0,112.0,29970,0.5739130434782609,0.0,99,49,115,3837.166666666686,False,8882,296362.73333333334,296362.73333333334
420,garage,4653,4773,155255.1,159259.1,155255.1,159259.1,114,7,0.7134204263749876,0.7483358383178711,254.0,142.5,62918,0.5175438596491229,0.06140350877192979,107,55,107,4004.0,False,4700,156823.33333333334,156823.33333333334
570,garage,5448,5568,181781.6,185785.6,181781.6,185785.6,111,7,0.7290655366472296,0.8770700693130493,374.0,132.0,93051,1.0,0.32432432432432434,109,0,75,4004.0,False,5489,183149.63333333336,183149.63333333336
454,garage,4828,4956,161094.26666666666,165365.2,161094.26666666666,165365.2,110,5,0.6417013181881471,0.648432582616806,353.5,178.0,115596,0.8181818181818182,0.7,110,20,33,4270.933333333349,False,4830,161161.0,161161.0
233,garage,2108,2220,70336.93333333333,74074.0,70336.93333333333,74074.0,108,2,0.8149092702402009,0.8989996612071991,195.5,129.0,38779,0.5555555555555556,0.0,102,48,108,3737.0666666666657,False,2132,71137.73333333332,71137.73333333332
312,garage,3185,3294,106272.83333333334,109909.8,106272.83333333334,109909.8,107,2,0.7900098194585783,0.8244904279708862,169.0,116.0,31244,0.5981308411214953,0.0,100,43,107,3636.96666666666,False,3212,107173.73333333335,107173.73333333335
728,garage,7084,7189,236369.46666666667,239872.96666666667,236369.46666666667,239872.96666666667,105,2,0.7695195882093339,0.8314423561096191,172.0,111.0,30140,0.5619047619047619,0.02857142857142858,94,46,102,3503.5,False,7118,237503.93333333335,237503.93333333335
679,garage,6347,6450,211778.23333333334,215215.0,211778.23333333334,215215.0,100,2,0.7631963491439819,0.7751749455928802,176.5,120.5,33957,0.61,0.16000000000000003,94,39,84,3436.766666666663,False,6374,212679.13333333333,212679.13333333333
505,garage,5122,5222,170904.06666666665,174240.73333333334,170904.06666666665,174240.73333333334,100,2,0.7973015585541725,0.867827296257019,173.0,98.0,31808,0.69,0.030000000000000027,87,31,97,3336.666666666686,False,5141,171538.03333333335,171538.03333333335
494,garage,5049,5165,168468.3,172338.83333333334,168468.3,172338.83333333334,97,7,0.5703459569473857,0.5166321396827698,164.0,103.0,32470,0.8556701030927835,0.0,84,14,97,3870.5333333333547,False,5060,168835.33333333334,168835.33333333334
808,garage,7621,7715,254287.3666666667,257423.83333333334,254287.3666666667,257423.83333333334,93,2,0.7889709892452405,0.8416538238525391,188.0,110.0,35133,0.6774193548387096,0.0,84,30,93,3136.4666666666453,False,7643,255021.43333333335,255021.43333333335
181,garage,1667,1760,55622.23333333334,58725.333333333336,55622.23333333334,58725.333333333336,93,2,0.805284531206213,0.8803763389587402,188.0,111.0,33396,0.6559139784946236,0.11827956989247312,85,32,82,3103.0999999999985,False,1691,56423.03333333333,56423.03333333333
561,garage,5430,5524,181181.0,184317.4666666667,181181.0,184317.4666666667,89,2,0.7269529720370689,0.7821010947227478,130.0,105.0,21463,0.5842696629213483,0.0,76,37,89,3136.4666666667035,False,5462,182248.73333333334,182248.73333333334
5,garage,68,156,2268.9333333333334,5205.200000000001,2268.9333333333334,5205.200000000001,83,2,0.774857667555292,0.8219929337501526,194.0,125.0,39852,0.6867469879518072,0.09638554216867468,79,26,75,2936.2666666666673,False,89,2969.633333333333,2969.633333333333
848,garage,7865,7950,262428.8333333333,265265.0,262428.8333333333,265265.0,81,2,0.5285146041416827,0.529007613658905,187.0,126.0,38718,0.6296296296296297,0.09876543209876543,76,30,73,2836.166666666686,False,7894,263396.4666666667,263396.4666666667
541,garage,5368,5449,179112.26666666666,181814.96666666667,179112.26666666666,181814.96666666667,80,7,0.7183614395558834,0.7682283222675323,253.0,115.0,47978,0.9375,0.375,75,5,50,2702.7000000000116,False,5372,179245.73333333334,179245.73333333334
796,garage,7584,7676,253052.80000000002,256122.53333333335,253052.80000000002,256122.53333333335,79,2,0.5917775563046902,0.6032639145851135,193.0,148.0,45232,0.5316455696202531,0.16455696202531644,75,37,66,3069.733333333337,False,7622,254320.73333333334,254320.73333333334
207,garage,1851,1927,61761.700000000004,64297.566666666666,61761.700000000004,64297.566666666666,75,2,0.7979193751017253,0.8857779502868652,173.0,107.0,25228,0.52,0.1333333333333333,70,36,65,2535.8666666666613,False,1865,62228.833333333336,62228.833333333336
624,garage,5663,5741,188955.43333333332,191558.03333333335,188955.43333333332,191558.03333333335,75,2,0.6254299060503642,0.6337653994560242,111.0,92.0,21538,0.56,0.0,58,33,75,2602.600000000035,False,5669,189155.63333333336,189155.63333333336
600,garage,5546,5619,185051.53333333333,187487.30000000002,185051.53333333333,187487.30000000002,70,2,0.7193427085876465,0.7597234547138214,177.5,109.0,26596,0.6,0.0,68,28,70,2435.766666666692,False,5572,185919.06666666668,185919.06666666668
162,garage,1609,1686,53686.96666666667,56256.2,53686.96666666667,56256.2,66,2,0.582947677283576,0.5697348415851593,177.5,89.0,28912,0.6060606060606061,0.0,62,26,66,2569.23333333333,False,1616,53920.53333333334,53920.53333333334
870,garage,8035,8104,268101.1666666667,270403.4666666667,268101.1666666667,270403.4666666667,63,2,0.7942702155264597,0.8726584911346436,566.0,357.0,284925,0.7142857142857143,0.07936507936507942,60,18,58,2302.2999999999884,False,8044,268401.4666666667,268401.4666666667
863,garage,7976,8044,266132.5333333334,268401.4666666667,266132.5333333334,268401.4666666667,60,7,0.7072818711400032,0.7478694021701813,205.0,126.0,37352,1.0,0.0,57,0,60,2268.9333333332906,False,7988,266532.93333333335,266532.93333333335
221,garage,1950,2009,65065.0,67033.63333333335,65065.0,67033.63333333335,59,2,0.8287164680028366,0.9258349537849426,525.0,281.0,194829,0.7796610169491526,0.2033898305084746,56,13,47,1968.633333333346,False,1962,65465.4,65465.4
566,garage,5441,5498,181548.03333333333,183449.93333333335,181548.03333333333,183449.93333333335,57,2,0.8023083236133843,0.8901813626289368,555.0,231.0,157262,0.8245614035087719,0.24561403508771928,57,10,43,1901.9000000000233,False,5450,181848.33333333334,181848.33333333334
337,garage,3524,3583,117584.13333333335,119552.76666666668,117584.13333333335,119552.76666666668,56,2,0.8559125693781036,0.9415626525878906,521.0,301.5,221328,0.5714285714285714,0.0892857142857143,56,24,51,1968.6333333333314,False,3544,118251.46666666667,118251.46666666667
342,garage,3574,3629,119252.46666666667,121087.63333333335,119252.46666666667,121087.63333333335,53,2,0.8526075189968325,0.9485699534416199,532.0,295.0,221072,0.6415094339622641,0.0,53,19,53,1835.1666666666715,False,3579,119419.3,119419.3
409,garage,4604,4656,153620.13333333333,155355.19999999998,153620.13333333333,155355.19999999998,50,2,0.7433865213394165,0.8068787753582001,201.5,111.5,25992,0.52,0.0,50,24,50,1735.0666666666511,False,4624,154287.46666666667,154287.46666666667
326,garage,3387,3433,113012.90000000001,114547.76666666668,113012.90000000001,114547.76666666668,47,2,0.8527677040150825,0.9250892996788025,507.0,308.0,197467,0.723404255319149,0.08510638297872342,47,13,43,1534.8666666666686,False,3391,113146.36666666667,113146.36666666667
584,garage,5503,5557,183616.7666666667,185418.56666666665,183616.7666666667,185418.56666666665,46,2,0.7774874211653419,0.9170274436473846,484.0,231.0,164580,0.8478260869565217,0.0,46,7,46,1801.7999999999593,False,5509,183816.96666666667,183816.96666666667
29,garage,774,817,25825.8,27260.56666666667,25825.8,27260.56666666667,43,2,0.8386610261229581,0.9287360906600952,487.0,313.0,191730,0.6744186046511628,0.18604651162790697,43,14,35,1434.76666666667,False,778,25959.266666666666,25959.266666666666
321,garage,3283,3326,109542.76666666666,110977.53333333334,109542.76666666666,110977.53333333334,43,2,0.7755550721357035,0.8422614336013794,470.0,249.0,146566,0.7674418604651163,0.11627906976744184,43,10,38,1434.7666666666773,False,3286,109642.86666666668,109642.86666666668
315,garage,3228,3277,107707.6,109342.56666666667,107707.6,109342.56666666667,42,2,0.8806343326965967,0.9446074664592743,451.0,330.0,231420,0.6666666666666666,0.0,42,14,42,1634.9666666666599,False,3233,107874.43333333335,107874.43333333335
284,garage,2805,2850,93593.5,95095.0,93593.5,95095.0,39,2,0.7819652480956836,0.8624323010444641,483.0,308.0,226756,0.5897435897435898,0.1282051282051282,39,16,34,1501.5,False,2810,93760.33333333333,93760.33333333333
10,garage,339,377,11311.300000000001,12579.233333333335,11311.300000000001,12579.233333333335,39,2,0.8740644011742029,0.935608446598053,479.0,331.0,195663,0.6153846153846154,0.07692307692307687,39,15,36,1267.9333333333343,False,343,11444.766666666668,11444.766666666668
664,garage,6253,6293,208641.7666666667,209976.43333333335,208641.7666666667,209976.43333333335,37,2,0.8484161931115228,0.9359714984893799,441.0,321.0,201212,0.6756756756756757,0.027027027027026973,37,12,36,1334.666666666657,False,6257,208775.23333333334,208775.23333333334
23,garage,628,660,20954.26666666667,22022.000000000004,20954.26666666667,22022.000000000004,32,2,0.8400371866300702,0.9268740117549896,432.5,274.5,151724,0.75,0.0,32,8,32,1067.7333333333336,False,630,21021.0,21021.0
18,garage,578,612,19285.933333333334,20420.4,19285.933333333334,20420.4,31,2,0.832839737976751,0.9409257173538208,449.0,322.0,198660,0.7096774193548387,0.0,31,9,31,1134.4666666666672,False,578,19285.933333333334,19285.933333333334
538,garage,5354,5391,178645.13333333336,179879.7,178645.13333333336,179879.7,30,5,0.5351862430572509,0.529579758644104,799.0,588.0,507669,0.7,0.8,30,9,6,1234.5666666666511,False,5390,179846.33333333334,179846.33333333334
34,garage,849,878,28328.300000000003,29295.933333333334,28328.300000000003,29295.933333333334,30,2,0.7830702036619186,0.8839278221130371,469.0,322.0,179075,0.5666666666666667,0.06666666666666665,30,13,28,967.6333333333314,False,853,28461.76666666667,28461.76666666667
336,garage,3504,3531,116916.8,117817.7,116916.8,117817.7,28,2,0.8180177531072071,0.9136017858982086,681.0,250.5,271320,1.0,0.0,28,0,28,900.8999999999942,False,3521,117484.03333333334,117484.03333333334
246,garage,2407,2433,80313.56666666668,81181.1,80313.56666666668,81181.1,27,2,0.8000366842305219,0.8492971062660217,754.0,186.0,209025,1.0,0.03703703703703709,27,0,26,867.5333333333256,False,2423,80847.43333333335,80847.43333333335
349,garage,3657,3683,122021.90000000001,122889.43333333335,122021.90000000001,122889.43333333335,27,2,0.8119404867843345,0.9357408285140991,410.0,364.0,198716,0.5185185185185185,0.33333333333333337,27,13,18,867.5333333333401,False,3660,122122.0,122122.0
85,garage,1341,1363,44744.700000000004,45478.76666666667,44744.700000000004,45478.76666666667,23,2,0.7943733788054922,0.8131113648414612,727.0,183.0,181689,1.0,0.0,23,0,23,734.0666666666657,False,1355,45211.833333333336,45211.833333333336
707,garage,6870,6894,229229.0,230029.80000000002,229229.0,230029.80000000002,23,2,0.8030625659486522,0.8433781862258911,371.0,319.0,147315,0.5652173913043478,0.30434782608695654,23,10,16,800.8000000000175,False,6873,229329.1,229329.1
755,garage,7364,7388,245712.13333333336,246512.93333333335,245712.13333333336,246512.93333333335,23,2,0.7203552943208943,0.7743258476257324,576.0,172.0,111150,1.0,0.0,23,0,23,800.7999999999884,False,7372,245979.06666666668,245979.06666666668
548,garage,5403,5424,180280.1,180980.80000000002,180280.1,180980.80000000002,21,5,0.5459137104806446,0.5329012274742126,887.0,504.0,498780,1.0,1.0,21,0,0,700.7000000000116,False,5419,180813.96666666667,180813.96666666667
227,garage,2046,2072,68268.20000000001,69135.73333333334,68268.20000000001,69135.73333333334,21,2,0.6849929363954634,0.796493649482727,334.0,363.0,221067,0.6190476190476191,0.2857142857142857,21,8,15,867.5333333333256,False,2051,68435.03333333334,68435.03333333334
243,garage,2386,2407,79612.86666666668,80313.56666666668,79612.86666666668,80313.56666666668,21,2,0.7713790734608968,0.8768492341041565,363.0,238.0,142896,0.8095238095238095,0.1428571428571429,21,4,18,700.6999999999971,False,2391,79779.70000000001,79779.70000000001
712,garage,6920,6941,230897.33333333334,231598.03333333335,230897.33333333334,231598.03333333335,21,2,0.8152657605352855,0.8934818506240845,340.0,308.0,131495,0.5714285714285714,0.09523809523809523,21,9,19,700.7000000000116,False,6923,230997.43333333332,230997.43333333332
745,garage,7285,7306,243076.16666666666,243776.86666666667,243076.16666666666,243776.86666666667,21,2,0.7427802568390256,0.7819246649742126,632.0,142.0,120744,1.0,0.0,21,0,21,700.7000000000116,False,7299,243543.30000000002,243543.30000000002
587,garage,5520,5542,184184.0,184918.06666666668,184184.0,184918.06666666668,20,2,0.6522482946515084,0.6793916821479797,809.5,251.5,240436,1.0,0.0,20,0,20,734.0666666666802,False,5540,184851.33333333334,184851.33333333334
781,garage,7502,7535,250316.73333333334,251417.83333333334,250316.73333333334,251417.83333333334,20,2,0.4233306646347046,0.41964372992515564,22.0,93.0,2185,1.0,0.0,0,0,20,1101.1000000000058,False,7533,251351.1,251351.1
230,garage,2072,2092,69135.73333333334,69803.06666666667,69135.73333333334,69803.06666666667,19,2,0.6443172897163191,0.6693145632743835,711.0,305.0,271092,0.9473684210526315,0.10526315789473684,19,1,17,667.3333333333285,False,2089,69702.96666666667,69702.96666666667
351,garage,3683,3701,122889.43333333335,123490.03333333334,122889.43333333335,123490.03333333334,18,2,0.8267553299665451,0.9370730817317963,621.0,234.5,224532,1.0,0.05555555555555558,18,0,17,600.5999999999913,False,3692,123189.73333333334,123189.73333333334
462,garage,4849,4869,161794.96666666667,162462.3,161794.96666666667,162462.3,18,5,0.6540146801206801,0.734914094209671,516.5,303.5,173056,1.0,1.0,18,0,0,667.3333333333139,False,4860,162162.0,162162.0
448,garage,4799,4816,160126.63333333333,160693.86666666667,160126.63333333333,160693.86666666667,18,7,0.5945204032791985,0.6259536147117615,272.5,127.0,44660,1.0,0.0,18,0,18,567.2333333333372,False,4801,160193.36666666667,160193.36666666667
682,garage,6351,6372,211911.69999999998,212612.4,211911.69999999998,212612.4,17,7,0.7523600722060484,0.8223747611045837,678.0,293.0,346507,1.0,0.0,17,0,17,700.7000000000116,False,6364,212345.46666666667,212345.46666666667
267,garage,2676,2692,89289.20000000001,89823.06666666668,89289.20000000001,89823.06666666668,17,7,0.5476476778002346,0.5646464228630066,220.0,88.0,26565,1.0,0.0,17,0,17,533.8666666666686,False,2679,89389.3,89389.3
38,garage,1070,1086,35702.333333333336,36236.200000000004,35702.333333333336,36236.200000000004,16,2,0.6447480656206608,0.6792049407958984,24.0,97.5,6554,1.0,0.0,0,0,16,533.8666666666686,False,1073,35802.433333333334,35802.433333333334
82,garage,1327,1341,44277.56666666667,44744.700000000004,44277.56666666667,44744.700000000004,15,2,0.7826820135116577,0.8202711343765259,568.0,224.0,143654,1.0,0.0,15,0,15,467.1333333333314,False,1337,44611.23333333334,44611.23333333334
742,garage,7271,7285,242609.03333333335,243076.16666666666,242609.03333333335,243076.16666666666,15,2,0.7683553636074066,0.8695908188819885,556.0,179.0,114036,1.0,0.0,15,0,15,467.1333333333023,False,7279,242875.96666666667,242875.96666666667
856,garage,7916,7930,264130.5333333333,264597.6666666667,264130.5333333333,264597.6666666667,15,2,0.4928135275840759,0.506202757358551,178.0,83.0,20592,1.0,0.2666666666666667,15,0,11,467.1333333333605,False,7919,264230.63333333336,264230.63333333336
37,garage,878,891,29295.933333333334,29729.7,29295.933333333334,29729.7,14,2,0.892886187349047,0.9334803819656372,604.0,167.0,203112,1.0,0.0,14,0,14,433.7666666666664,False,885,29529.500000000004,29529.500000000004
716,garage,6941,6954,231598.03333333335,232031.80000000002,231598.03333333335,232031.80000000002,14,2,0.8025717841727393,0.8613113164901733,572.5,156.5,172125,1.0,0.0,14,0,14,433.7666666666628,False,6950,231898.33333333334,231898.33333333334
761,garage,7386,7398,246446.2,246846.60000000003,246446.2,246846.60000000003,13,2,0.833027890095344,0.8703773617744446,692.0,122.0,126000,1.0,0.0,13,0,13,400.4000000000233,False,7391,246613.03333333333,246613.03333333333
709,garage,6894,6905,230029.80000000002,230396.83333333334,230029.80000000002,230396.83333333334,12,2,0.8331373954812685,0.9210925102233887,594.5,159.5,178047,1.0,0.0,12,0,12,367.0333333333256,False,6901,230263.3666666667,230263.3666666667
713,garage,6920,6931,230897.33333333334,231264.3666666667,230897.33333333334,231264.3666666667,12,7,0.5829594433307648,0.6023212373256683,258.5,213.5,56203,0.5833333333333334,0.0,12,5,12,367.0333333333547,False,6930,231231.00000000003,231231.00000000003
569,garage,5444,5457,181648.13333333333,182081.90000000002,181648.13333333333,182081.90000000002,11,7,0.6954086368734186,0.7535876035690308,542.0,268.0,179838,1.0,0.7272727272727273,11,0,3,433.7666666666919,False,5446,181714.86666666667,181714.86666666667
43,garage,1106,1116,36903.53333333333,37237.200000000004,36903.53333333333,37237.200000000004,11,2,0.6512563066049055,0.6485190391540527,238.0,164.0,42408,1.0,0.0,11,0,11,333.6666666666715,False,1110,37037.0,37037.0
862,garage,7956,7968,265465.2,265865.60000000003,265465.2,265865.60000000003,11,7,0.6869042949243025,0.7007383108139038,74.0,244.0,28614,0.0,0.2727272727272727,8,11,8,400.4000000000233,False,7959,265565.30000000005,265565.30000000005
263,garage,2619,2663,87387.30000000002,88855.43333333333,87387.30000000002,88855.43333333333,10,7,0.44414631426334383,0.42856311798095703,229.5,182.5,44154,0.3,0.0,10,7,10,1468.1333333333168,False,2620,87420.66666666667,87420.66666666667
841,garage,7845,7856,261761.5,262128.53333333333,261761.5,262128.53333333333,10,2,0.4835950553417206,0.5398787558078766,131.0,201.0,31465,0.0,0.7,10,10,3,367.0333333333256,False,7848,261861.6,261861.6
486,garage,5017,5027,167400.56666666665,167734.23333333334,167400.56666666665,167734.23333333334,10,7,0.5540224641561509,0.5927930176258087,132.0,210.5,29678,0.3,0.9,10,7,1,333.66666666668607,False,5025,167667.50000000003,167667.50000000003
577,garage,5473,5481,182615.76666666666,182882.7,182615.76666666666,182882.7,9,2,0.5465292599466112,0.603784441947937,809.0,218.0,200147,1.0,0.0,9,0,9,266.93333333334886,False,5474,182649.13333333333,182649.13333333333
844,garage,7849,7857,261894.96666666667,262161.9,261894.96666666667,262161.9,9,2,0.5767650968498654,0.5972471237182617,194.0,204.0,39936,0.0,1.0,9,9,0,266.93333333334886,False,7852,261995.06666666668,261995.06666666668
526,garage,5283,5291,176276.1,176543.03333333335,176276.1,176543.03333333335,9,2,0.7250746753480699,0.7723624110221863,166.0,146.0,26280,0.0,0.0,9,9,9,266.93333333334886,False,5291,176543.03333333335,176543.03333333335
377,garage,4383,4407,146246.1,147046.9,146246.1,147046.9,9,2,0.8002242777082655,0.8429918885231018,148.0,125.0,24523,0.0,0.0,9,9,9,800.7999999999884,False,4389,146446.30000000002,146446.30000000002
535,garage,5341,5349,178211.36666666667,178478.30000000002,178211.36666666667,178478.30000000002,9,2,0.7244479954242706,0.7280928492546082,164.0,145.0,24336,0.0,0.0,9,9,9,266.93333333334886,False,5349,178478.30000000002,178478.30000000002
537,garage,5344,5351,178311.4666666667,178545.03333333335,178311.4666666667,178545.03333333335,8,7,0.6524708643555641,0.6506088376045227,269.0,564.0,181125,0.25,0.375,8,6,5,233.56666666665114,False,5348,178444.93333333335,178444.93333333335
45,garage,1119,1127,37337.299999999996,37604.23333333333,37337.299999999996,37604.23333333333,8,7,0.5378481037914753,0.5672501027584076,257.5,181.0,51338,0.875,0.0,8,1,8,266.9333333333343,False,1127,37604.23333333333,37604.23333333333
792,garage,7580,7589,252919.33333333334,253219.63333333336,252919.33333333334,253219.63333333336,8,2,0.5902313888072968,0.561726301908493,87.5,203.5,23976,0.0,0.375,7,8,5,300.30000000001746,False,7582,252986.06666666668,252986.06666666668
552,garage,5407,5414,180413.56666666668,180647.13333333333,180413.56666666668,180647.13333333333,8,2,0.7402459755539894,0.8346973657608032,61.5,141.5,12388,0.0,0.0,4,8,8,233.56666666665114,False,5411,180547.03333333333,180547.03333333333
307,garage,3091,3098,103136.36666666667,103369.93333333333,103136.36666666667,103369.93333333333,8,2,0.8392663821578026,0.8695224821567535,41.5,118.0,9656,0.0,0.25,1,8,6,233.5666666666657,False,3098,103369.93333333333,103369.93333333333
399,garage,4577,4584,152719.23333333334,152952.8,152719.23333333334,152952.8,8,2,0.579378105700016,0.5472318530082703,47.0,110.0,5929,0.0,0.0,0,8,8,233.56666666665114,False,4580,152819.33333333334,152819.33333333334
121,garage,1497,1503,49949.9,50150.1,49949.9,50150.1,7,2,0.5358316557747977,0.5211759805679321,172.0,353.0,71604,1.0,0.1428571428571429,7,0,6,200.1999999999971,False,1498,49983.26666666667,49983.26666666667
434,garage,4725,4731,157657.5,157857.69999999998,157657.5,157857.69999999998,7,2,0.4942788439137595,0.4873715043067932,224.0,113.0,28203,1.0,0.0,7,0,7,200.19999999998254,False,4730,157824.3333333333,157824.3333333333
115,garage,1467,1472,48948.9,49115.73333333334,48948.9,49115.73333333334,6,7,0.5760759313901266,0.615462601184845,576.5,345.5,202878,0.3333333333333333,0.0,6,4,6,166.83333333333576,False,1470,49049.0,49049.0
65,garage,1225,1230,40874.166666666664,41041.00000000001,40874.166666666664,41041.00000000001,6,2,0.5068251192569733,0.48916052281856537,386.0,267.5,104372,0.0,0.0,6,6,6,166.83333333334303,False,1230,41041.00000000001,41041.00000000001
407,garage,4600,4605,153486.6666666667,153653.5,153486.6666666667,153653.5,6,2,0.6511014352242152,0.6758803725242615,397.0,128.0,84672,0.0,0.0,6,6,6,166.83333333331393,False,4604,153620.13333333333,153620.13333333333
49,garage,1172,1177,39105.73333333333,39272.56666666667,39105.73333333333,39272.56666666667,6,2,0.3992200444142024,0.4181341677904129,312.0,227.5,71592,0.0,0.0,6,6,6,166.83333333334303,False,1175,39205.833333333336,39205.833333333336
299,garage,2856,2861,95295.20000000001,95462.03333333334,95295.20000000001,95462.03333333334,6,2,0.5647346327702204,0.5349322557449341,208.5,97.0,22984,1.0,0.0,6,0,6,166.83333333332848,False,2858,95361.93333333333,95361.93333333333
650,garage,6117,6122,204103.90000000002,204270.73333333334,204103.90000000002,204270.73333333334,6,2,0.5151371856530508,0.5651125609874725,197.5,93.5,20384,1.0,0.0,6,0,6,166.83333333331393,False,6121,204237.36666666667,204237.36666666667
149,garage,1578,1583,52652.6,52819.433333333334,52652.6,52819.433333333334,6,2,0.7291086216767629,0.789436936378479,38.5,142.5,8748,0.0,0.0,0,6,6,166.83333333333576,False,1581,52752.700000000004,52752.700000000004
366,garage,4253,4258,141908.43333333335,142075.26666666666,141908.43333333335,142075.26666666666,6,2,0.66071817278862,0.6752906441688538,12.5,85.0,1288,1.0,0.0,0,0,6,166.83333333331393,False,4257,142041.9,142041.9
759,garage,7379,7383,246212.63333333333,246346.1,246212.63333333333,246346.1,5,2,0.5660103917121887,0.6054040193557739,698.0,166.0,120700,1.0,0.0,5,0,5,133.46666666667443,False,7383,246346.1,246346.1
746,garage,7291,7296,243276.3666666667,243443.2,243276.3666666667,243443.2,5,2,0.6289995670318603,0.596595823764801,655.0,145.0,110600,1.0,0.0,5,0,5,166.83333333331393,False,7296,243443.2,243443.2
52,garage,1190,1194,39706.333333333336,39839.8,39706.333333333336,39839.8,5,2,0.3777323246002197,0.34796008467674255,336.0,239.0,81360,0.0,0.0,5,5,5,133.46666666666715,False,1192,39773.06666666667,39773.06666666667
309,garage,3119,3123,104070.63333333333,104204.1,104070.63333333333,104204.1,5,2,0.6411800384521484,0.7207178473472595,401.0,120.0,79756,0.0,1.0,5,5,0,133.46666666667443,False,3121,104137.36666666667,104137.36666666667
48,garage,1164,1168,38838.799999999996,38972.26666666667,38838.799999999996,38972.26666666667,5,2,0.5012100577354431,0.47260168194770813,301.0,220.0,67184,0.0,0.0,5,5,5,133.46666666667443,False,1168,38972.26666666667,38972.26666666667
276,garage,2781,2785,92792.70000000001,92926.16666666667,92792.70000000001,92926.16666666667,5,7,0.5579487979412079,0.5230900645256042,253.0,195.0,55002,0.4,1.0,5,3,0,133.46666666665988,False,2783,92859.43333333335,92859.43333333335
829,garage,7744,7748,258391.4666666667,258524.93333333338,258391.4666666667,258524.93333333338,5,2,0.8058526992797852,0.9338282346725464,210.0,157.0,34400,0.0,0.0,5,5,5,133.46666666667443,False,7748,258524.93333333338,258524.93333333338
855,garage,7909,7913,263896.9666666667,264030.43333333335,263896.9666666667,264030.43333333335,5,7,0.4737333655357361,0.4830457866191864,210.0,112.0,25623,1.0,0.0,5,0,5,133.46666666667443,False,7913,264030.43333333335,264030.43333333335
816,garage,7648,7652,255188.2666666667,255321.73333333337,255188.2666666667,255321.73333333337,5,2,0.46923589110374453,0.5105823278427124,185.0,88.0,18518,1.0,0.0,5,0,5,133.46666666667443,False,7652,255321.73333333337,255321.73333333337
591,garage,5523,5527,184284.1,184417.56666666668,184284.1,184417.56666666668,5,2,0.704692256450653,0.7958916425704956,92.0,149.0,15554,0.0,0.0,5,5,5,133.46666666667443,False,5526,184384.2,184384.2
621,garage,5640,5644,188188.00000000003,188321.46666666667,188188.00000000003,188321.46666666667,5,2,0.6302604377269745,0.663594126701355,66.0,125.0,10868,0.4,0.4,4,3,3,133.46666666664532,False,5640,188188.00000000003,188188.00000000003
153,garage,1589,1593,53019.63333333334,53153.1,53019.63333333334,53153.1,5,2,0.8515986204147339,0.8622266054153442,32.0,147.0,7172,0.0,0.0,0,5,5,133.46666666665988,False,1593,53153.1,53153.1
787,garage,7538,7542,251517.93333333332,251651.40000000002,251517.93333333332,251651.40000000002,5,2,0.5651340961456299,0.5753226280212402,26.0,88.0,2340,1.0,0.0,0,0,5,133.46666666670353,False,7541,251618.03333333335,251618.03333333335
285,garage,2811,2814,93793.7,93893.8,93793.7,93893.8,4,2,0.6903217285871506,0.7361875176429749,313.5,171.5,55014,0.0,0.0,4,4,4,100.10000000000582,False,2813,93860.43333333333,93860.43333333333
723,garage,7008,7011,233833.6,233933.7,233833.6,233933.7,4,2,0.38491012156009674,0.3895934820175171,298.5,149.5,44850,0.75,0.0,4,1,4,100.10000000000582,False,7008,233833.6,233833.6
8,garage,100,103,3336.666666666667,3436.766666666667,3336.666666666667,3436.766666666667,4,7,0.44268570840358734,0.4034540057182312,259.5,144.0,39932,1.0,0.0,4,0,4,100.09999999999991,False,103,3436.766666666667,3436.766666666667
291,garage,2841,2844,94794.70000000001,94894.8,94794.70000000001,94894.8,4,7,0.42768824845552444,0.42862899601459503,240.5,133.0,33839,1.0,0.0,4,0,4,100.09999999999127,False,2841,94794.70000000001,94794.70000000001
557,garage,5417,5420,180747.23333333337,180847.33333333334,180747.23333333337,180847.33333333334,4,2,0.4663726016879082,0.4384478032588959,111.0,243.5,28520,0.0,0.0,4,4,4,100.09999999997672,False,5420,180847.33333333334,180847.33333333334
868,garage,8022,8025,267667.39999999997,267767.50000000006,267667.39999999997,267767.50000000006,4,7,0.45653023570775986,0.43987251818180084,233.0,75.5,19355,1.0,0.0,4,0,4,100.10000000009313,False,8024,267734.1333333333,267734.1333333333
533,garage,5340,5343,178178.0,178278.1,178178.0,178278.1,4,2,0.5365205854177475,0.5785255134105682,55.5,163.5,12144,0.0,0.0,1,4,4,100.10000000000582,False,5340,178178.0,178178.0
112,garage,1458,1460,48648.6,48715.333333333336,48648.6,48715.333333333336,3,7,0.5361882547537485,0.5255714654922485,540.0,325.0,176040,0.0,0.0,3,3,3,66.73333333333721,False,1458,48648.6,48648.6
93,garage,1360,1362,45378.666666666664,45445.4,45378.666666666664,45445.4,3,7,0.4981256028016408,0.3556186258792877,470.0,317.0,148990,0.0,0.0,3,3,3,66.73333333333721,False,1362,45445.4,45445.4
133,garage,1530,1533,51051.0,51151.1,51051.0,51151.1,3,2,0.5402339994907379,0.5042307376861572,410.0,144.0,78657,0.0,1.0,3,3,0,100.09999999999854,False,1531,51084.36666666667,51084.36666666667
51,garage,1185,1187,39539.50000000001,39606.23333333334,39539.50000000001,39606.23333333334,3,2,0.35599233706792194,0.35385939478874207,327.0,233.0,76752,0.0,0.0,3,3,3,66.73333333332994,False,1186,39572.86666666667,39572.86666666667
283,garage,2805,2807,93593.5,93660.23333333334,93593.5,93660.23333333334,3,7,0.604307214419047,0.6917048096656799,288.0,179.0,51731,0.0,0.0,3,3,3,66.73333333333721,False,2807,93660.23333333334,93660.23333333334
853,garage,7900,7902,263596.6666666667,263663.4,263596.6666666667,263663.4,3,2,0.5445826053619385,0.523115873336792,232.0,139.0,33276,1.0,0.0,3,0,3,66.73333333333721,False,7901,263630.0333333334,263630.0333333334
815,garage,7643,7645,255021.43333333335,255088.16666666666,255021.43333333335,255088.16666666666,3,2,0.41023192803064984,0.3964862823486328,201.0,107.0,22236,1.0,0.0,3,0,3,66.73333333330811,False,7645,255088.16666666666,255088.16666666666
439,garage,4739,4741,158124.63333333336,158191.36666666667,158124.63333333336,158191.36666666667,3,2,0.5674421787261963,0.6083332300186157,216.0,87.0,19272,1.0,0.0,3,0,3,66.73333333330811,False,4741,158191.36666666667,158191.36666666667
592,garage,5530,5532,184517.6666666667,184584.40000000002,184517.6666666667,184584.40000000002,3,2,0.4161591629187266,0.40314456820487976,66.0,57.0,4402,0.3333333333333333,0.0,3,2,3,66.73333333333721,False,5530,184517.6666666667,184517.6666666667
895,garage,8513,8515,284050.43333333335,284117.1666666667,284050.43333333335,284117.1666666667,3,2,0.3678194582462311,0.3408076763153076,11.0,48.0,715,1.0,0.0,0,0,3,66.73333333333721,False,8513,284050.43333333335,284050.43333333335
117,garage,1476,1477,49249.200000000004,49282.566666666666,49249.200000000004,49282.566666666666,2,7,0.40838345885276794,0.40838345885276794,516.0,310.0,160062,1.0,0.0,2,0,2,33.36666666666133,False,1476,49249.200000000004,49249.200000000004
28,garage,712,713,23757.066666666666,23790.433333333338,23757.066666666666,23790.433333333338,2,2,0.5086707472801208,0.5086707472801208,396.5,279.0,110763,0.0,0.0,2,2,2,33.366666666672245,False,713,23790.433333333338,23790.433333333338
446,garage,4786,4787,159692.86666666667,159726.23333333334,159692.86666666667,159726.23333333334,2,2,0.4393667131662369,0.4393667131662369,325.0,173.5,56898,1.0,0.0,2,0,2,33.36666666666861,False,4787,159726.23333333334,159726.23333333334
646,garage,6090,6091,203203.0,203236.36666666667,203203.0,203236.36666666667,2,7,0.42250052094459534,0.42250052094459534,255.5,149.0,38550,0.0,0.0,2,2,2,33.36666666666861,False,6090,203203.0,203203.0
265,garage,2668,2669,89022.26666666666,89055.63333333333,89022.26666666666,89055.63333333333,2,2,0.3595585525035858,0.3595585525035858,263.5,121.5,32718,1.0,0.0,2,0,2,33.36666666666861,False,2668,89022.26666666666,89022.26666666666
726,garage,7024,7025,234367.46666666667,234400.83333333334,234367.46666666667,234400.83333333334,2,2,0.3999246507883072,0.3999246507883072,251.5,125.0,31878,1.0,0.0,2,0,2,33.36666666666861,False,7024,234367.46666666667,234367.46666666667
593,garage,5537,5538,184751.23333333334,184784.6,184751.23333333334,184784.6,2,2,0.48252497613430023,0.48252497613430023,377.0,81.0,30618,1.0,0.0,2,0,2,33.36666666666861,False,5538,184784.6,184784.6
866,garage,8013,8014,267367.1,267400.4666666667,267367.1,267400.4666666667,2,2,0.5112756043672562,0.5112756043672562,259.0,102.5,27248,1.0,0.0,2,0,2,33.36666666669771,False,8014,267400.4666666667,267400.4666666667
814,garage,7638,7639,254854.6,254887.96666666667,254854.6,254887.96666666667,2,2,0.42406029999256134,0.42406029999256134,212.0,122.5,26660,1.0,0.0,2,0,2,33.36666666666861,False,7638,254854.6,254854.6
488,garage,5020,5021,167500.6666666667,167534.03333333335,167500.6666666667,167534.03333333335,2,2,0.4242735505104065,0.4242735505104065,119.0,210.5,25109,0.5,1.0,2,1,0,33.36666666666861,False,5021,167534.03333333335,167534.03333333335
300,garage,2864,2865,95562.13333333333,95595.5,95562.13333333333,95595.5,2,2,0.5415676683187485,0.5415676683187485,206.5,86.0,18096,1.0,0.0,2,0,2,33.36666666666861,False,2865,95595.5,95595.5
441,garage,4744,4745,158291.46666666667,158324.83333333334,158291.46666666667,158324.83333333334,2,2,0.5397417992353439,0.5397417992353439,205.5,78.5,16432,1.0,0.0,2,0,2,33.36666666666861,False,4745,158324.83333333334,158324.83333333334
653,garage,6128,6129,204470.93333333335,204504.3,204470.93333333335,204504.3,2,7,0.35874271392822266,0.35874271392822266,197.5,77.0,15522,1.0,0.0,2,0,2,33.3666666666395,False,6129,204504.3,204504.3
302,garage,2870,2871,95762.33333333334,95795.70000000001,95762.33333333334,95795.70000000001,2,2,0.4849121421575546,0.4849121421575546,200.5,74.5,15150,1.0,1.0,2,0,0,33.36666666666861,False,2871,95795.70000000001,95795.70000000001
563,garage,5436,5437,181381.2,181414.56666666668,181381.2,181414.56666666668,2,2,0.42379435896873474,0.42379435896873474,247.5,54.0,13860,1.0,0.5,2,0,1,33.36666666666861,False,5437,181414.56666666668,181414.56666666668
415,garage,4640,4641,154821.33333333334,154854.7,154821.33333333334,154854.7,2,2,0.6883175671100616,0.6883175671100616,23.5,139.5,3384,0.0,0.0,0,2,2,33.36666666666861,False,4640,154821.33333333334,154821.33333333334
699,garage,6495,6496,216716.5,216749.8666666667,216716.5,216749.8666666667,2,2,0.38072343170642853,0.38072343170642853,12.5,56.0,754,1.0,0.0,0,0,2,33.36666666669771,False,6495,216716.5,216716.5
340,garage,3549,3549,118418.3,118418.3,118418.3,118418.3,1,2,0.5280553698539734,0.5280553698539734,746.0,339.0,252894,0.0,0.0,1,1,1,0.0,False,3549,118418.3,118418.3
36,garage,870,870,29029.0,29029.0,29029.0,29029.0,1,2,0.3964637219905853,0.3964637219905853,744.0,303.0,225432,1.0,0.0,1,0,1,0.0,False,870,29029.0,29029.0
431,garage,4717,4717,157390.56666666668,157390.56666666668,157390.56666666668,157390.56666666668,1,2,0.3475327789783478,0.3475327789783478,547.0,411.0,224817,0.0,0.0,1,1,1,0.0,False,4717,157390.56666666668,157390.56666666668
102,garage,1379,1379,46012.63333333333,46012.63333333333,46012.63333333333,46012.63333333333,1,7,0.34398093819618225,0.34398093819618225,468.0,319.0,149292,0.0,0.0,1,1,1,0.0,False,1379,46012.63333333333,46012.63333333333
104,garage,1391,1391,46413.03333333334,46413.03333333334,46413.03333333334,46413.03333333334,1,7,0.30903974175453186,0.30903974175453186,467.0,317.0,148039,0.0,0.0,1,1,1,0.0,False,1391,46413.03333333334,46413.03333333334
119,garage,1481,1481,49416.03333333334,49416.03333333334,49416.03333333334,49416.03333333334,1,7,0.4263666570186615,0.4263666570186615,455.0,312.0,141960,1.0,0.0,1,0,1,0.0,False,1481,49416.03333333334,49416.03333333334
63,garage,1222,1222,40774.06666666667,40774.06666666667,40774.06666666667,40774.06666666667,1,2,0.39032015204429626,0.39032015204429626,374.0,262.0,97988,0.0,0.0,1,1,1,0.0,False,1222,40774.06666666667,40774.06666666667
47,garage,1158,1158,38638.600000000006,38638.600000000006,38638.600000000006,38638.600000000006,1,2,0.3149285316467285,0.3149285316467285,414.0,219.0,90666,1.0,0.0,1,0,1,0.0,False,1158,38638.600000000006,38638.600000000006
57,garage,1208,1208,40306.933333333334,40306.933333333334,40306.933333333334,40306.933333333334,1,2,0.4054561257362366,0.4054561257362366,357.0,252.0,89964,0.0,0.0,1,1,1,0.0,False,1208,40306.933333333334,40306.933333333334
7,garage,95,95,3169.8333333333335,3169.8333333333335,3169.8333333333335,3169.8333333333335,1,2,0.3962538242340088,0.3962538242340088,388.0,203.0,78764,0.0,0.0,1,1,1,0.0,False,95,3169.8333333333335,3169.8333333333335
50,garage,1181,1181,39406.03333333333,39406.03333333333,39406.03333333333,39406.03333333333,1,2,0.324174702167511,0.324174702167511,321.0,230.0,73830,0.0,0.0,1,1,1,0.0,False,1181,39406.03333333333,39406.03333333333
732,garage,7154,7154,238705.13333333336,238705.13333333336,238705.13333333336,238705.13333333336,1,2,0.5929880738258362,0.5929880738258362,298.0,238.0,70924,0.0,0.0,1,1,1,0.0,False,7154,238705.13333333336,238705.13333333336
720,garage,6967,6967,232465.56666666668,232465.56666666668,232465.56666666668,232465.56666666668,1,7,0.3467525839805603,0.3467525839805603,326.0,183.0,59658,0.0,0.0,1,1,1,0.0,False,6967,232465.56666666668,232465.56666666668
183,garage,1681,1681,56089.36666666667,56089.36666666667,56089.36666666667,56089.36666666667,1,2,0.36913174390792847,0.36913174390792847,230.0,158.0,36340,0.0,0.0,1,1,1,0.0,False,1681,56089.36666666667,56089.36666666667
182,garage,1677,1677,55955.9,55955.9,55955.9,55955.9,1,2,0.349257230758667,0.349257230758667,227.0,156.0,35412,0.0,0.0,1,1,1,0.0,False,1677,55955.9,55955.9
187,garage,1702,1702,56790.066666666666,56790.066666666666,56790.066666666666,56790.066666666666,1,2,0.39183318614959717,0.39183318614959717,255.0,132.0,33660,1.0,0.0,1,0,1,0.0,False,1702,56790.066666666666,56790.066666666666
134,garage,1530,1530,51051.0,51051.0,51051.0,51051.0,1,2,0.555844783782959,0.555844783782959,236.0,139.0,32804,0.0,0.0,1,1,1,0.0,False,1530,51051.0,51051.0
152,garage,1585,1585,52886.16666666667,52886.16666666667,52886.16666666667,52886.16666666667,1,7,0.38840341567993164,0.38840341567993164,167.0,191.0,31897,0.0,0.0,1,1,1,0.0,False,1585,52886.16666666667,52886.16666666667
170,garage,1624,1624,54187.466666666674,54187.466666666674,54187.466666666674,54187.466666666674,1,2,0.562000572681427,0.562000572681427,209.0,146.0,30514,0.0,0.0,1,1,1,0.0,False,1624,54187.466666666674,54187.466666666674
812,garage,7634,7634,254721.13333333333,254721.13333333333,254721.13333333333,254721.13333333333,1,2,0.7728505730628967,0.7728505730628967,236.0,125.0,29500,0.0,0.0,1,1,1,0.0,False,7634,254721.13333333333,254721.13333333333
64,garage,1224,1224,40840.8,40840.8,40840.8,40840.8,1,2,0.36771559715270996,0.36771559715270996,130.0,194.0,25220,1.0,0.0,1,0,1,0.0,False,1224,40840.8,40840.8
469,garage,4945,4945,164998.16666666666,164998.16666666666,164998.16666666666,164998.16666666666,1,2,0.3568941652774811,0.3568941652774811,358.0,70.0,25060,1.0,1.0,1,0,0,0.0,False,4945,164998.16666666666,164998.16666666666
451,garage,4824,4824,160960.80000000002,160960.80000000002,160960.80000000002,160960.80000000002,1,7,0.36538103222846985,0.36538103222846985,252.0,92.0,23184,1.0,0.0,1,0,1,0.0,False,4824,160960.80000000002,160960.80000000002
416,garage,4640,4640,154821.33333333334,154821.33333333334,154821.33333333334,154821.33333333334,1,7,0.3470880687236786,0.3470880687236786,251.0,92.0,23092,1.0,0.0,1,0,1,0.0,False,4640,154821.33333333334,154821.33333333334
438,garage,4735,4735,157991.1666666667,157991.1666666667,157991.1666666667,157991.1666666667,1,7,0.33706796169281006,0.33706796169281006,223.0,97.0,21631,1.0,0.0,1,0,1,0.0,False,4735,157991.1666666667,157991.1666666667
453,garage,4827,4827,161060.9,161060.9,161060.9,161060.9,1,7,0.4934001564979553,0.4934001564979553,251.0,86.0,21586,1.0,0.0,1,0,1,0.0,False,4827,161060.9,161060.9
471,garage,4949,4949,165131.63333333336,165131.63333333336,165131.63333333336,165131.63333333336,1,7,0.33657652139663696,0.33657652139663696,343.0,62.0,21266,1.0,1.0,1,0,0,0.0,False,4949,165131.63333333336,165131.63333333336
42,garage,1097,1097,36603.23333333334,36603.23333333334,36603.23333333334,36603.23333333334,1,7,0.31756916642189026,0.31756916642189026,121.0,139.0,16819,1.0,0.0,1,0,1,0.0,False,1097,36603.23333333334,36603.23333333334
652,garage,6125,6125,204370.83333333334,204370.83333333334,204370.83333333334,204370.83333333334,1,7,0.39975211024284363,0.39975211024284363,202.0,83.0,16766,1.0,0.0,1,0,1,0.0,False,6125,204370.83333333334,204370.83333333334
452,garage,4825,4825,160994.1666666667,160994.1666666667,160994.1666666667,160994.1666666667,1,2,0.7187954783439636,0.7187954783439636,60.0,176.0,10560,1.0,0.0,1,0,1,0.0,False,4825,160994.1666666667,160994.1666666667
510,garage,5138,5138,171437.93333333335,171437.93333333335,171437.93333333335,171437.93333333335,1,2,0.3393859565258026,0.3393859565258026,166.0,53.0,8798,1.0,0.0,1,0,1,0.0,False,5138,171437.93333333335,171437.93333333335
123,garage,1505,1505,50216.833333333336,50216.833333333336,50216.833333333336,50216.833333333336,1,2,0.71775221824646,0.71775221824646,37.0,236.0,8732,1.0,1.0,0,0,0,0.0,False,1505,50216.833333333336,50216.833333333336
